2021-07-06 06:13:43,"b'RT @Simran_r: In the West more people are turning to locally produced, fresh, organic food. People recognise the nutritional value is bette\xe2\x80\xa6'"
2021-07-06 06:12:09,"b'RT @aimeeterese: "" Depriving workers of meat... seems crazy. But there is a system behind the madness... This is all that capitalism knows\xe2\x80\xa6'"
2021-07-06 06:12:08,b'10 healthy foods and drinks that help manage blood sugar https://t.co/pBW4tzyfbM via @IndianExpress'
2021-07-06 06:11:38,"b'Enjoy our Healthy, Creamy, and Tangy snack - Russian Salad!\xf0\x9f\xa5\x97\n\nFor Quick, Easy and Convenient Food Ordering Experien\xe2\x80\xa6 https://t.co/Fe1h1quCxX'"
2021-07-06 06:11:05,b'One of the best ways to familiarize your child with good food choices is to encourage her to cook with you.\xe2\x80\xa6 https://t.co/sh4T1zU69n'
2021-07-06 06:10:17,b'RT @careygillam: Africans ask that Bill Gates &amp; Big Ag let the continent\xe2\x80\x99s food producers and consumers \xe2\x80\x9cchart our own paths toward sustain\xe2\x80\xa6'
2021-07-06 06:10:08,"b""RT @ChristoThurston: I thank God that I am 100% healthy, have a plate of food every day and can wake up every morning and say, 'Ok'salayo,\xe2\x80\xa6"""
2021-07-06 06:10:01,b'RT @ibjela: Get your dopamine hit from small wins;\n\n\xe2\x80\xa2 Sunlight\n\xe2\x80\xa2 Make ur bed\n\xe2\x80\xa2 Clean ur room\n\xe2\x80\xa2 Cook good food\n\xe2\x80\xa2 Lift &amp; get sweaty\n\xe2\x80\xa2 Speak g\xe2\x80\xa6'
2021-07-06 06:10:01,"b'RT @jesslohm: Oceans provide us with the air we breathe, food we eat, recreation, transportation + climate regulation.\n\nWithout a healthy #\xe2\x80\xa6'"
2021-07-06 06:09:49,"b""What's with healthy food being all about making you shit"""
2021-07-06 06:09:28,b'STV PRESENTS\xe2\x9c\xa8UMEED\xe2\x9c\xa8\nUmeed is a two-day fundraiser to raise funds for a food drive to provide clean and healthy food\xe2\x80\xa6 https://t.co/20us0dG1wG'
2021-07-06 06:09:24,b'The Importance of Healthy Food: Dieting vs. Lifestyle Change | Psychology Today https://t.co/iexElloCt9 via @psychtoday #happiness'
2021-07-06 06:07:51,b'RT @ShawnModel: The #1 objective of big food companies is to make more money.\n\nYou being healthy is not their concern.'
2021-07-06 06:06:42,"b'RT @Tastyfix: This version of hummus features a delightful nuttiness from tahini, peanut butter-like pasta prepared from ground sesame seed\xe2\x80\xa6'"
2021-07-06 06:05:02,b'Healthy food swaps for effective weight loss https://t.co/DhkusY0OUR'
2021-07-06 06:04:45,"b'RT @Simran_r: In the West more people are turning to locally produced, fresh, organic food. People recognise the nutritional value is bette\xe2\x80\xa6'"
2021-07-06 06:04:03,"b""Fell off the healthy eating but it's pay day soon so I'll be able to buy much healthier food soon"""
2021-07-06 06:02:00,b'RT @wellnwell_sa: Fix your Diet\xf0\x9f\xa5\x97\n\n#diet #fitness #weightloss #healthy #gym #healthyfood #health #healthylifestyle #motivation #workout #nut\xe2\x80\xa6'
2021-07-06 06:01:31,"b'RT @ISC: Webinar: @IAPartnership and its regional academy networks bring together evaluation from \xf0\x9f\x8c\x8d Africa, \xf0\x9f\x8c\x8f Asia, \xf0\x9f\x8c\x8e the Americas and \xf0\x9f\x8c\x8d Eu\xe2\x80\xa6'"
2021-07-06 06:01:28,b'RT @wellnwell_sa: Fix your Diet\xf0\x9f\xa5\x97\n\n#diet #fitness #weightloss #healthy #gym #healthyfood #health #healthylifestyle #motivation #workout #nut\xe2\x80\xa6'
2021-07-06 06:00:01,"b'Healthy food = healthy players. Thanks for the keynote, @stescheirlynck. #Summercamp \xf0\x9f\x87\xb3\xf0\x9f\x87\xb1 https://t.co/DfErtGp6ys'"
2021-07-06 06:00:01,b'Fix your Diet\xf0\x9f\xa5\x97\n\n#diet #fitness #weightloss #healthy #gym #healthyfood #health #healthylifestyle #motivation\xe2\x80\xa6 https://t.co/YG4do10wf6'
2021-07-06 05:59:55,b'wanting to start a healthy lifestyle while craving for unhealthy food \xf0\x9f\xa4\xa1'
2021-07-06 05:59:27,"b""Healthy changes can be easy. I'm loving these tips from @coopuk \nhttps://t.co/oKqZBDWZL9"""
2021-07-06 05:59:16,b'RT @WorldPastoral: @IYRP2026 is a global initiative to provide the impetus &amp; momentum necessary for a worldwide understanding of the import\xe2\x80\xa6'
2021-07-06 05:58:55,"b""RT @ChristoThurston: I thank God that I am 100% healthy, have a plate of food every day and can wake up every morning and say, 'Ok'salayo,\xe2\x80\xa6"""
2021-07-06 05:58:46,b'Healthy Whole Food Diet To Lose Weight\n\nWhole foods are generally those that remain close to their state in nature.\xe2\x80\xa6 https://t.co/TSgw5Y2JDU'
2021-07-06 05:58:20,"b'@Fr_eezy Healthy food can definitely get it. I don\xe2\x80\x99t spend a single cent on alcohol as well, imagine. \xf0\x9f\xa4\x93'"
2021-07-06 05:58:06,b'RT @zablonorina1: \xf0\x9f\x91\x87To avoid a high blood pressure diagnosis: \n\n1\xef\xb8\x8f\xe2\x83\xa3Exercise most days \n2\xef\xb8\x8f\xe2\x83\xa3Maintain normal weight \n3\xef\xb8\x8f\xe2\x83\xa3Avoid alcohol\n4\xef\xb8\x8f\xe2\x83\xa3Quit s\xe2\x80\xa6'
2021-07-06 05:57:09,b'10 Surprising Myths and Truths about Hair Care\nhttps://t.co/MFhXvw0W8t\n#tagfire #lifestyle #healthcare #health\xe2\x80\xa6 https://t.co/GjsYBu9kxT'
2021-07-06 05:56:33,b'RT @ibjela: Get your dopamine hit from small wins;\n\n\xe2\x80\xa2 Sunlight\n\xe2\x80\xa2 Make ur bed\n\xe2\x80\xa2 Clean ur room\n\xe2\x80\xa2 Cook good food\n\xe2\x80\xa2 Lift &amp; get sweaty\n\xe2\x80\xa2 Speak g\xe2\x80\xa6'
2021-07-06 05:56:17,"b""RT @ChristoThurston: I thank God that I am 100% healthy, have a plate of food every day and can wake up every morning and say, 'Ok'salayo,\xe2\x80\xa6"""
2021-07-06 05:56:11,"b""RT @ChristoThurston: I thank God that I am 100% healthy, have a plate of food every day and can wake up every morning and say, 'Ok'salayo,\xe2\x80\xa6"""
2021-07-06 05:54:07,b'What Makes Urine Smell Strong or Foul? https://t.co/R4k1smYnGw\n#tagfire #lifestyle #healthcare #health #life #LOL\xe2\x80\xa6 https://t.co/IkURrjhX7g'
2021-07-06 05:54:02,"b""RT @ChristoThurston: I thank God that I am 100% healthy, have a plate of food every day and can wake up every morning and say, 'Ok'salayo,\xe2\x80\xa6"""
2021-07-06 05:53:13,b'RT @ibjela: Get your dopamine hit from small wins;\n\n\xe2\x80\xa2 Sunlight\n\xe2\x80\xa2 Make ur bed\n\xe2\x80\xa2 Clean ur room\n\xe2\x80\xa2 Cook good food\n\xe2\x80\xa2 Lift &amp; get sweaty\n\xe2\x80\xa2 Speak g\xe2\x80\xa6'
2021-07-06 05:52:18,"b""Eat well, take your vitamins and do your exercise. Since 2020 haven't gotten the flu yet. .. Why? I started losing\xe2\x80\xa6 https://t.co/Ehk6gMoJrw"""
2021-07-06 05:51:01,"b'Check out my Gig on Fiverr: do health, fitness, nutrition, medical, yoga,meditation logo https://t.co/PNo5TntElz'"
2021-07-06 05:50:23,"b'RT @StilAgroHub: Respect &amp; Love your body\nAnd most of all,\nGood nutrition is an important part of leading a\xc2\xa0healthy\xc2\xa0lifestyle.\nWhilst adher\xe2\x80\xa6'"
2021-07-06 05:49:00,b'Yessss i ateeeeee alotttttttttt thats Why i workout 5-7hours/day\xe2\x80\xa6 i am crazy like that..i love food and i wanna kee\xe2\x80\xa6 https://t.co/leK5X0d5io'
2021-07-06 05:48:02,b'RT @Charlesfrize: Reading about this: #HealthyEating - Becoming A Healthy Eater #Food #Health #FrizeMedia - https://t.co/VklwrNMu3h @Charle\xe2\x80\xa6'
2021-07-06 05:47:44,b'Kick your health immunity via pure Natural Honey. \nCheck our latest offer on Lychee Honey and order now\xe2\x80\xa6 https://t.co/TsyfpBgMYr'
2021-07-06 05:46:38,b'Welcome to the nite of disco dandiya\nSuch a lovely place\nSuch a lovely face\nPlanty of food at disco dandiya\nNine ni\xe2\x80\xa6 https://t.co/yoQyRJypcV'
2021-07-06 05:46:34,"b""RT @ChristoThurston: I thank God that I am 100% healthy, have a plate of food every day and can wake up every morning and say, 'Ok'salayo,\xe2\x80\xa6"""
2021-07-06 05:46:03,"b""RT @ChristoThurston: I thank God that I am 100% healthy, have a plate of food every day and can wake up every morning and say, 'Ok'salayo,\xe2\x80\xa6"""
2021-07-06 05:45:49,"b'"" Depriving workers of meat... seems crazy. But there is a system behind the madness... This is all that capitalism\xe2\x80\xa6 https://t.co/HykYauLMb0'"
2021-07-06 05:44:43,b'RT @SSFCRABBITOHS: Souths Cares delivered fresh fruit &amp; vegetable boxes to over 70 families and elders to make healthy food options availab\xe2\x80\xa6'
2021-07-06 05:44:29,b'@HedgehogCabin @pengraiggoch Could he be there to eat the eggs? I checked what to give him and luckily I have both\xe2\x80\xa6 https://t.co/8G9deg4eNE'
2021-07-06 05:44:19,b'RT @jannarden: YOU CAN HELP US #STOPLIVEHORSEEXPORT we must keep the pressure going!! https://t.co/VEepmtpOl4  click an easy link to write\xe2\x80\xa6'
2021-07-06 05:43:45,"b'RT @vivekagnihotri: Whatever sanity was left in humans, TV news destroyed it. \n\nWhatever social skills were left, SM destroyed it. \n\nWhatev\xe2\x80\xa6'"
2021-07-06 05:42:54,"b""RT @ChristoThurston: I thank God that I am 100% healthy, have a plate of food every day and can wake up every morning and say, 'Ok'salayo,\xe2\x80\xa6"""
2021-07-06 05:42:43,b'RT @BNodoubts: im not big on seafood..#trending #newmusic #motivation #model  #producer #healthy #workout #instagram #influencer #workout #\xe2\x80\xa6'
2021-07-06 05:42:09,b'and pls tell him that i hope he\xe2\x80\x99s happy and healthy and eating delicious food and enjoying life and to take care of\xe2\x80\xa6 https://t.co/oBUDIWxfyq'
2021-07-06 05:41:18,b'\xe3\x85\xa4\xe3\x85\xa4\n\xe3\x85\xa4\xe3\x85\xa4\n\xe3\x85\xa4\xe3\x85\xa4 Enjoying a glass of juice and a plate of delicious food always bring happiness. Hoping everyone will have\xe2\x80\xa6 https://t.co/iwVP21vmwV'
2021-07-06 05:41:06,"b'Lizzo eats an entirely vegan diet, regularly highlights the healthy food she eats, &amp; constantly posts workout video\xe2\x80\xa6 https://t.co/RTmqpW2agU'"
2021-07-06 05:39:42,"b'RT @theAleppoCatman: Fresh meat , raw chicken , meat with peas and carrots, some eggs , boiled chickens and dry foods.\nThis is the diet of\xe2\x80\xa6'"
2021-07-06 05:38:36,"b""RT @ChristoThurston: I thank God that I am 100% healthy, have a plate of food every day and can wake up every morning and say, 'Ok'salayo,\xe2\x80\xa6"""
2021-07-06 05:38:18,"b'RT @Simran_r: In the West more people are turning to locally produced, fresh, organic food. People recognise the nutritional value is bette\xe2\x80\xa6'"
2021-07-06 05:38:17,"b""RT @ChristoThurston: I thank God that I am 100% healthy, have a plate of food every day and can wake up every morning and say, 'Ok'salayo,\xe2\x80\xa6"""
2021-07-06 05:37:34,b'@taeyong_teatong See I hate american breakfast it\xe2\x80\x99s too heavy for me \xf0\x9f\x92\x80 if I HAVE to eat bc I\xe2\x80\x99m up early I might hav\xe2\x80\xa6 https://t.co/nweBgqJQoO'
2021-07-06 05:37:18,"b'RT @Simran_r: In the West more people are turning to locally produced, fresh, organic food. People recognise the nutritional value is bette\xe2\x80\xa6'"
2021-07-06 05:37:09,"b'Follow the dietary guidelines to learn what #healthy food we may eat everyday to naturally lose #weight, feel bette\xe2\x80\xa6 https://t.co/w6tOFnCtn4'"
2021-07-06 05:36:53,"b'@smusyoka And if walk ins was the better option for me, why would I be ordering? and not all healthy food I would like are in  kibanda.'"
2021-07-06 05:36:29,"b'Fresh, homemade granola \xf0\x9f\xa5\x9b #granola #healthy #food #foodphotography #joshjamisonphotography https://t.co/5WKZ9BrRr3'"
2021-07-06 05:36:29,"b'In the West more people are turning to locally produced, fresh, organic food. People recognise the nutritional valu\xe2\x80\xa6 https://t.co/UHkBoDJuKN'"
2021-07-06 05:35:37,"b'RT @mohd_ridakhan: #morning #breakfast with purple pumpkin smoothie. Ingredients to follow &amp; mix \xf0\x9f\x91\x89 java plum, oats, fresh yellow pumpkin, m\xe2\x80\xa6'"
2021-07-06 05:34:50,b'Understanding the Differences Between Rheumatoid Arthritis and Osteoarthritis https://t.co/7Qky8CtJrI\n#tagfire\xe2\x80\xa6 https://t.co/s7HlBbaDEr'
2021-07-06 05:34:01,b'RT @Charlesfrize: Reading about this: #HealthyEating - Nutrients You Need #Food #FrizeMedia #Nutrition - https://t.co/8jZk6Wkb6e @Charlesfr\xe2\x80\xa6'
2021-07-06 05:33:26,b'RT @careygillam: Africans ask that Bill Gates &amp; Big Ag let the continent\xe2\x80\x99s food producers and consumers \xe2\x80\x9cchart our own paths toward sustain\xe2\x80\xa6'
2021-07-06 05:31:46,b'RT @careygillam: Africans ask that Bill Gates &amp; Big Ag let the continent\xe2\x80\x99s food producers and consumers \xe2\x80\x9cchart our own paths toward sustain\xe2\x80\xa6'
2021-07-06 05:31:08,"b""RT @ChristoThurston: I thank God that I am 100% healthy, have a plate of food every day and can wake up every morning and say, 'Ok'salayo,\xe2\x80\xa6"""
2021-07-06 05:30:31,b'RT @careygillam: Africans ask that Bill Gates &amp; Big Ag let the continent\xe2\x80\x99s food producers and consumers \xe2\x80\x9cchart our own paths toward sustain\xe2\x80\xa6'
2021-07-06 05:28:42,b'@healthy_climate Provide food???????'
2021-07-06 05:28:03,b'RT @KremlinKW: Influencers play a significant role in shaping children\xe2\x80\x99s diet.What celebrities do on social media is not \xe2\x80\x9cindividual choice\xe2\x80\xa6'
2021-07-06 05:25:39,b'RT @FAOAfrica: Policies and interventions must aim at transforming our #foodsystems to make healthy diets affordable. \n\nCountry specific po\xe2\x80\xa6'
2021-07-06 05:24:20,b'RT @careygillam: Africans ask that Bill Gates &amp; Big Ag let the continent\xe2\x80\x99s food producers and consumers \xe2\x80\x9cchart our own paths toward sustain\xe2\x80\xa6'
2021-07-06 05:24:20,"b'This version of hummus features a delightful nuttiness from tahini, peanut butter-like pasta prepared from ground s\xe2\x80\xa6 https://t.co/q7ZYelVPLp'"
2021-07-06 05:23:30,b'RT @DlETPINK: fat ppl complaining that they can\xe2\x80\x99t lose weight bc healthy food is expensive bro just starve for free'
2021-07-06 05:23:01,b'Fantastic snack and healthy side dish \n https://t.co/Om2yJ9sbuf\n@thomasJins @Food52 @SonuSood @foodandwine\xe2\x80\xa6 https://t.co/uLoXmqYU37'
2021-07-06 05:23:00,"b""@DanielKayHertz Here's the draft list for Bridgeport for the #IconicCHIRestaurants Map. It will be narrowed down fr\xe2\x80\xa6 https://t.co/9KnDd2IjJr"""
2021-07-06 05:21:56,b'WHAT\xe2\x80\x99S FOR DINNER| healthy and easy meal ideas\xe2\x98\xba\xef\xb8\x8f\xf0\x9f\x92\xaf https://t.co/QCphAJobqb via @YouTube #food #content #ideas \xf0\x9f\x8c\x9f'
2021-07-06 05:21:28,b'I wanna eat healthy but how do I make it taste like soul food \xe2\x98\xb9\xef\xb8\x8f'
2021-07-06 05:19:58,b'RT @OECD: The #COVID19 crisis has made it more difficult to reach #SDG2 (zero hunger by 2030).  \n\nIncome losses and rising food prices have\xe2\x80\xa6'
2021-07-06 05:17:59,"b""W-well, when you put it that way, I guess it doesn't make much sense... I just wanted to ensure folks were getting\xe2\x80\xa6 https://t.co/u20urhQklz"""
2021-07-06 05:15:28,b'@JangoBunBun @Quality_JWC @Alex4Rep @prageru I\xe2\x80\x99m sorry that\xe2\x80\x99s a lie. Free food is healthy and easy to grow in small\xe2\x80\xa6 https://t.co/pbezOM9ov2'
2021-07-06 05:15:18,b'Black Sesame Seeds | Kale Til | Sesamum Indicum | Herbal Seeds | High Fiber Food | Organic Seeds | Healthy seeds |\xe2\x80\xa6 https://t.co/9ErjrquzbI'
2021-07-06 05:15:17,b'@sshukla_manit Yoga and meditation in the morning and then as usual a healthy food intake'
2021-07-06 05:13:48,"b'RT @ISC: Webinar: @IAPartnership and its regional academy networks bring together evaluation from \xf0\x9f\x8c\x8d Africa, \xf0\x9f\x8c\x8f Asia, \xf0\x9f\x8c\x8e the Americas and \xf0\x9f\x8c\x8d Eu\xe2\x80\xa6'"
2021-07-06 05:12:42,b'RT @treslecheshunny: I have an extremely unhealthy relationship with food and after every time I eat (healthy or not) I feel very uncomfort\xe2\x80\xa6'
2021-07-06 05:12:18,b'RT @DlETPINK: fat ppl complaining that they can\xe2\x80\x99t lose weight bc healthy food is expensive bro just starve for free'
2021-07-06 05:12:05,b'Healthy Recipes to Impress your Family with your Food Processor \xe2\x80\x93 They will Love you Even More ~~&gt;\xe2\x80\xa6 https://t.co/ZtU1g3PAix'
2021-07-06 05:11:31,"b""RT @ChristoThurston: I thank God that I am 100% healthy, have a plate of food every day and can wake up every morning and say, 'Ok'salayo,\xe2\x80\xa6"""
2021-07-06 05:11:11,b'RT @macd5007: Couples love - #art #sketch #drawing #doodle #cartoon #comics #funny #humor #love #relationship #marriage #cool #food #medita\xe2\x80\xa6'
2021-07-06 05:11:09,"b'Dry Coconut Powder, Coconut Milk Powder Organic, Milk Powder, Healthy Powder, vegan food  Natural coconut powder,di\xe2\x80\xa6 https://t.co/AvMeOBlv87'"
2021-07-06 05:10:38,"b'@fordnation @Sflecce @krasheedmpp We could help unite humanity by working towards ensuring safe housing, clean wate\xe2\x80\xa6 https://t.co/IhZ91enqtZ'"
2021-07-06 05:10:23,b'@kureijiollie OHAYOOLLIEE! hope you have a wonderful day!! remember always to drink your water and eat your food to\xe2\x80\xa6 https://t.co/iNIHnIvaBe'
2021-07-06 05:10:15,"b'RT @veledora: How Exactly Do Poor Food Choices Produce Inflammation? Highly Processed Foods, As Well As Fast Foods. A Trans-Fat Is Created\xe2\x80\xa6'"
2021-07-06 05:10:07,b'RT @DlETPINK: fat ppl complaining that they can\xe2\x80\x99t lose weight bc healthy food is expensive bro just starve for free'
2021-07-06 05:10:02,b'RT @careygillam: Africans ask that Bill Gates &amp; Big Ag let the continent\xe2\x80\x99s food producers and consumers \xe2\x80\x9cchart our own paths toward sustain\xe2\x80\xa6'
2021-07-06 05:08:04,"b'My wife my Bano give me back ur food into my mouth, God has bestowed on me my mouth only yo be recipient of your ta\xe2\x80\xa6 https://t.co/rXhhS3TRVm'"
2021-07-06 05:07:52,"b""it really pisses me off how food companies don't put vegan, healthy, fresh food in low income areas...i really have\xe2\x80\xa6 https://t.co/b6DN21rSld"""
2021-07-06 05:07:44,"b'RT @vivekagnihotri: Whatever sanity was left in humans, TV news destroyed it. \n\nWhatever social skills were left, SM destroyed it. \n\nWhatev\xe2\x80\xa6'"
2021-07-06 05:06:32,"b""RT @ChristoThurston: I thank God that I am 100% healthy, have a plate of food every day and can wake up every morning and say, 'Ok'salayo,\xe2\x80\xa6"""
2021-07-06 05:06:18,b'Healthy breakfast to start our beautiful day...\nhttps://t.co/AVEOx0k3x2\n#fitness\n#GoodMorningTwitterWorld\xe2\x80\xa6 https://t.co/baR5RJw9BW'
2021-07-06 05:05:19,"b'@FurtiveLIVE @bytheniine @Target I think instead of promoting stuff like this target AD, there should be a real foc\xe2\x80\xa6 https://t.co/xq7JbxIDaZ'"
2021-07-06 05:03:11,"b'Whole Almonds contain lots of healthy fats, fiber, protein, magnesium, and vitamin E.\n#gincofood #almond  #food\xe2\x80\xa6 https://t.co/PF0qtpuJHH'"
2021-07-06 05:01:48,"b'The Vadodara online food scene is absolutely amazing. 95% restaurants are vegetarian, and on top of that, everyone\xe2\x80\xa6 https://t.co/9OTfhZU0Zp'"
2021-07-06 05:01:18,b'RT @DlETPINK: fat ppl complaining that they can\xe2\x80\x99t lose weight bc healthy food is expensive bro just starve for free'
2021-07-06 04:58:34,b'RT @DlETPINK: fat ppl complaining that they can\xe2\x80\x99t lose weight bc healthy food is expensive bro just starve for free'
2021-07-06 04:58:34,b'RT @DlETPINK: fat ppl complaining that they can\xe2\x80\x99t lose weight bc healthy food is expensive bro just starve for free'
2021-07-06 04:57:59,b'RT @treslecheshunny: I have an extremely unhealthy relationship with food and after every time I eat (healthy or not) I feel very uncomfort\xe2\x80\xa6'
2021-07-06 04:57:41,"b""First! You need some healthy and fresh food!\xf0\x9f\x8d\x89\xf0\x9f\xa5\x9d\xf0\x9f\x8d\x90\xf0\x9f\xa5\x91 AND \xe2\x80\x93 AND! Maybe you want the sweet food?? I'll give it!\xf0\x9f\x8d\xa8\xf0\x9f\x8d\xa7\xf0\x9f\x8d\xad\xf0\x9f\xa7\x81 EAT I\xe2\x80\xa6 https://t.co/9tGZyg9G1p"""
2021-07-06 04:56:36,b'RT @DlETPINK: fat ppl complaining that they can\xe2\x80\x99t lose weight bc healthy food is expensive bro just starve for free'
2021-07-06 04:56:33,b'There needs to be a late night healthy food spot cause fast food is wack'
2021-07-06 04:55:59,"b'RT @MistressYasmine: The world has been cruel lately to all of us, including me. \nPlease survive, stay healthy, eat nutritious food, be hap\xe2\x80\xa6'"
2021-07-06 04:55:52,"b""RT @ChristoThurston: I thank God that I am 100% healthy, have a plate of food every day and can wake up every morning and say, 'Ok'salayo,\xe2\x80\xa6"""
2021-07-06 04:55:32,"b""RT @ChristoThurston: I thank God that I am 100% healthy, have a plate of food every day and can wake up every morning and say, 'Ok'salayo,\xe2\x80\xa6"""
2021-07-06 04:53:16,b'I had a great 4th of July weekend at my friends house with her family and we played in the pool and had water games\xe2\x80\xa6 https://t.co/FYBnhdEgwK'
2021-07-06 04:52:22,"b'RT @MistressYasmine: The world has been cruel lately to all of us, including me. \nPlease survive, stay healthy, eat nutritious food, be hap\xe2\x80\xa6'"
2021-07-06 04:51:39,"b'The world has been cruel lately to all of us, including me. \nPlease survive, stay healthy, eat nutritious food, be\xe2\x80\xa6 https://t.co/43cY0G34wV'"
2021-07-06 04:50:03,"b'RT @WaheedaComrade: ""Housing is a human right."" \n\n""Health care too?""\n\n""Yes""\n\n""Education?""\n\n""Why not?""\n\n""Food?""\n\n""Everything that human need\xe2\x80\xa6'"
2021-07-06 04:50:02,b'How to Be Happy - A SCIENTIFIC PURSUIT OF HAPPINESS https://t.co/JchciR0RbS\n#tagfire #lifestyle #healthcare #health\xe2\x80\xa6 https://t.co/XJpkZThmMo'
2021-07-06 04:49:50,"b'RT @SandeepMall: And delicious food does not mean eating unhealthy. Sourdough WW bread topped with Pesto olives cheese. Spinach, Apple, whe\xe2\x80\xa6'"
2021-07-06 04:48:59,"b'Have A Monsoon Morning  Buds..!!\xf0\x9f\xa7\x91\xe2\x80\x8d\xf0\x9f\x8d\xb3\xf0\x9f\x8d\x9c\xf0\x9f\x8c\xa7\xef\xb8\x8f\nEat Healthy, Delicious &amp; Nutritious &amp; Taco  Food Today !\xf0\x9f\x8d\xb2\xf0\x9f\x8d\xb1\xf0\x9f\x8d\x9c\xf0\x9f\x91\xa8\xe2\x80\x8d\xf0\x9f\x8d\xb3\nNow Your ""No:\xe2\x80\xa6 https://t.co/XKSqIJRT9V'"
2021-07-06 04:48:55,b'RT @macd5007: Couples love - #art #sketch #drawing #doodle #cartoon #comics #funny #humor #love #relationship #marriage #cool #food #medita\xe2\x80\xa6'
2021-07-06 04:48:23,b'Just made some rather delicious zucchini things - basically baked slices with some seasoning and sprinkle of Parmes\xe2\x80\xa6 https://t.co/6iFOUBXXmh'
2021-07-06 04:47:30,"b""RT @ChristoThurston: I thank God that I am 100% healthy, have a plate of food every day and can wake up every morning and say, 'Ok'salayo,\xe2\x80\xa6"""
2021-07-06 04:47:06,b'RT @ciadoma24: The amount of time per day I hear the words healthy and unhealthy is scary. diet Culture has all of us in a chokehold. we ar\xe2\x80\xa6'
2021-07-06 04:46:30,"b'RT @SandeepMall: And delicious food does not mean eating unhealthy. Sourdough WW bread topped with Pesto olives cheese. Spinach, Apple, whe\xe2\x80\xa6'"
2021-07-06 04:45:57,b'@JeffBezos The irony of \xe2\x80\x9ctechnical innovations\xe2\x80\x9d of food processing &amp; Chemical food manufacturing means that PEOPLE\xe2\x80\xa6 https://t.co/XYIvpFWnHK'
2021-07-06 04:45:16,"b'@DoghouseCorgian Did you remember to read the nutritional  facts on your food, buddy? THE INGREDIENTS most food con\xe2\x80\xa6 https://t.co/WYF7IXtNka'"
2021-07-06 04:44:55,b'Diet Summer Food Art https://t.co/1J3uhIyGoa\n#digitalart  #colors #summer #diet #foodart #fruit #art #foodstyling\xe2\x80\xa6 https://t.co/TXqBeI6QiW'
2021-07-06 04:44:28,b'RT @AquaBountyFarms: AquaBounty provides information necessary to meet the U.S. National Bioengineered Disclosure Standard &amp; any applicable\xe2\x80\xa6'
2021-07-06 04:43:22,"b'And delicious food does not mean eating unhealthy. Sourdough WW bread topped with Pesto olives cheese. Spinach, App\xe2\x80\xa6 https://t.co/10F92QihZ1'"
2021-07-06 04:42:10,b'ROCKFISH. Great Food. Great Seafood. Not a healthy bodies  healthy lives  healthy days.'
2021-07-06 04:42:08,"b'What to eat during pregnancy for fitness\n\nA healthy diet is an important part of a healthy lifestyle at any time, b\xe2\x80\xa6 https://t.co/dxxJkfJBz8'"
2021-07-06 04:41:00,b'RT @poet_economist: We cannot end the #ClimateCrisis or fully achieve the #SDGs without transforming our #FoodSystems. The #GoodFoodFinance\xe2\x80\xa6'
2021-07-06 04:40:46,b'A good way to keep healthy is to eat more Chinese food.'
2021-07-06 04:40:23,b'@midwestvampyr Although all the food that both tastes good and is healthy is expensive.'
2021-07-06 04:40:19,b'Healthy Street Food Boiled Egg &amp; Rice Cake | Bangladeshi Street | Best Street Food https://t.co/QpZ2ylnUaZ'
2021-07-06 04:40:02,"b'#morning #breakfast with purple pumpkin smoothie. Ingredients to follow &amp; mix \xf0\x9f\x91\x89 java plum, oats, fresh yellow pumpk\xe2\x80\xa6 https://t.co/sOn3WQJ9gg'"
2021-07-06 04:39:59,b'RT @TheDemocrats: The Biden administration\xe2\x80\x99s American Families Plan will help parents: \n\xf0\x9f\x91\xaaTake time off to care for their families \n\xf0\x9f\xa7\x92Access\xe2\x80\xa6'
2021-07-06 04:39:18,b'@Bencjacobs @JanieceStaton Nothing to see here.  Food shortages globally is now. \nTime to purge and eat insects.  Live free and healthy.'
2021-07-06 04:39:13,"b""@Reotransit @Danny_Walterr The way una dey explain this microwave thing, e come be like say it's not even healthy t\xe2\x80\xa6 https://t.co/4EKPMtny6x"""
2021-07-06 04:38:13,b'RT @DlETPINK: fat ppl complaining that they can\xe2\x80\x99t lose weight bc healthy food is expensive bro just starve for free'
2021-07-06 04:36:53,b'RT @DlETPINK: fat ppl complaining that they can\xe2\x80\x99t lose weight bc healthy food is expensive bro just starve for free'
2021-07-06 04:36:28,"b""RT @ParrotTown: I've been wanting to share one of my birdies absolute favorite treats that I've been making them around 3 to 4 times per we\xe2\x80\xa6"""
2021-07-06 04:36:28,b'RT @careygillam: Africans ask that Bill Gates &amp; Big Ag let the continent\xe2\x80\x99s food producers and consumers \xe2\x80\x9cchart our own paths toward sustain\xe2\x80\xa6'
2021-07-06 04:36:18,"b""RT @ChristoThurston: I thank God that I am 100% healthy, have a plate of food every day and can wake up every morning and say, 'Ok'salayo,\xe2\x80\xa6"""
2021-07-06 04:35:35,b'Healthy food swaps for effective weight loss   https://t.co/7kqjKCidiq https://t.co/qfUyYv56Hy'
2021-07-06 04:35:29,"b'Eat Healthy, Stay Healthy with Nirvana Organic \xe2\x80\x93 Rediscover Taste &amp; Health with Nirvana Organic Food products from\xe2\x80\xa6 https://t.co/gvvSdqvbhG'"
2021-07-06 04:34:53,b'What Does Your Blood Type Say About Your Personality?\nhttps://t.co/FQvTL7Qufm \n#tagfire #lifestyle #healthcare\xe2\x80\xa6 https://t.co/OUED5xhWi6'
2021-07-06 04:34:52,b'Do You Have Food Intolerance? FOOD ALLERGY or FOOD INTOLERANCE https://t.co/bmyaVeOhG7\n#tagfire #lifestyle\xe2\x80\xa6 https://t.co/E9PeboCdDn'
2021-07-06 04:34:45,b'RT @zablonorina1: \xf0\x9f\x91\x87To avoid a high blood pressure diagnosis: \n\n1\xef\xb8\x8f\xe2\x83\xa3Exercise most days \n2\xef\xb8\x8f\xe2\x83\xa3Maintain normal weight \n3\xef\xb8\x8f\xe2\x83\xa3Avoid alcohol\n4\xef\xb8\x8f\xe2\x83\xa3Quit s\xe2\x80\xa6'
2021-07-06 04:34:34,b'RT @DlETPINK: fat ppl complaining that they can\xe2\x80\x99t lose weight bc healthy food is expensive bro just starve for free'
2021-07-06 04:33:07,"b""@05lblush hey^ don't skip your breakfast okay! make sure u smile today and eat healthy food. lastly,, stay safe and\xe2\x80\xa6 https://t.co/2uVseLl4Es"""
2021-07-06 04:32:23,b'Recipes full of vegetables even your kids are going to want to tuck into https://t.co/16R0pVnT4B https://t.co/uRiI1X5NTR'
2021-07-06 04:32:18,"b""RT @ChristoThurston: I thank God that I am 100% healthy, have a plate of food every day and can wake up every morning and say, 'Ok'salayo,\xe2\x80\xa6"""
2021-07-06 04:32:01,"b'@joonskarma GM BESTIE, HAVE A NICE DAY EAT FOOD HEALTHY'"
2021-07-06 04:31:26,"b""@yeedamis hey^ don't skip your breakfast okay! make sure u smile today and eat healthy food. lastly,, stay safe and\xe2\x80\xa6 https://t.co/uHBSpN3I1C"""
2021-07-06 04:31:06,"b""@haruharuuwoos hey^ don't skip your breakfast okay! make sure u smile today and eat healthy food. lastly,, stay saf\xe2\x80\xa6 https://t.co/wshWsnwXTu"""
2021-07-06 04:30:44,"b'RT @vivekagnihotri: Whatever sanity was left in humans, TV news destroyed it. \n\nWhatever social skills were left, SM destroyed it. \n\nWhatev\xe2\x80\xa6'"
2021-07-06 06:17:39,b'RT @lizbeth28xx: @iHARRYVOTES Pizza\nI followed @965TDY and vote Harry Styles (@Harry_Styles) for #ArtistOfTheSummer'
2021-07-06 06:17:39,"b'@EvelynVtuber Hey thats normal for me, evelyn \xf0\x9f\x91\x8d unless if you put durian on a pizza you are yurusanai'"
2021-07-06 06:17:38,"b'RT @Ms_Mwanje: This weather calls for constant biting and sipping of hot beverages.Holla @PanarottisKenya for pizza,subs, wings and very ta\xe2\x80\xa6'"
2021-07-06 06:17:35,b'made a neapolitan style pizza https://t.co/ccsVih4w4F'
2021-07-06 06:17:33,"b""RT @knorton78: @MagicalOverload @Cums_well I really appreciate the sentiment &amp; it does make me feel warm &amp; fuzzy to get flowers, but I'd mu\xe2\x80\xa6"""
2021-07-06 06:17:32,b'I suck at delivering pizza but I look fine in a helmet'
2021-07-06 06:17:28,"b'RT @GiveAwayHost: $100 in 24 hours \xf0\x9f\x8d\x95\n\n-RT + follow @Safe_Pizza \n-Join TG https://t.co/eYcuOQYM9P + Proof\n\nComment ""I love $pizza or #safepi\xe2\x80\xa6'"
2021-07-06 06:17:23,b'RT @lavieestbelIe: Cherry pizza by celineyrs https://t.co/Ytrjb9sT9G'
2021-07-06 06:17:18,b'Wanna have a pizza party why your idols'
2021-07-06 06:17:16,"b'RT @peronto907: @BWDR IN THE COLD OF THE NIGHT.\nEyes Of Laura Mars, as if written by a fellow being from whatever planet Tommy Wiseau came\xe2\x80\xa6'"
